Year,Total_Cases,Female,Male,Non-U.S.–born,U.S.-born,0-4,15-24,25-34,35-44,45-54,5-14,55-64,65+
2020,7390.152631578851,2945.810526315763,4444.342105263146,5912.252631578944,1486.5578947368776,150.7894736842136,723.6947368421097,1200.4421052631515,854.0736842105398,1020.7999999999884,122.82105263157791,1371.3578947368442,1947.0736842105252
2021,6959.91954887216,2787.5210526315495,4172.39849624061,5802.990977443609,1168.3586466165725,128.5646616541344,674.2609022556426,1123.884210526303,754.8473684210621,933.442857142858,108.29924812030004,1348.4586466165492,1889.0330827067664
2022,6529.686466165353,2629.231578947336,3900.454887218075,5693.7293233082455,850.1593984962674,106.33984962406248,624.8270676691754,1047.3263157894544,655.6210526315845,846.0857142856985,93.77744360902216,1325.559398496247,1830.9924812030076
2023,6099.453383458545,2470.9421052631224,3628.5112781955395,5584.467669172911,531.9601503759623,84.11503759398329,575.3932330827083,970.7684210526058,556.3947368421359,758.7285714285681,79.25563909774428,1302.6601503759448,1772.9518796992488
