Total_cases,Year,Female,Male,Non-U.S.–born,U.S.-born,0-4,15-24,25-34,35-44,45-54,5-14,55-64,65+
7390.152631578947,2020,2945.8105263157886,4444.342105263158,5912.252631578947,1486.5578947368413,150.78947368421052,723.6947368421053,1200.4421052631576,854.0736842105264,1020.7999999999995,122.82105263157894,1371.357894736842,1947.0736842105262
6959.91954887218,2021,2787.521052631578,4172.398496240601,5802.990977443609,1168.3586466165407,128.5646616541353,674.2609022556392,1123.8842105263154,754.8473684210526,933.4428571428566,108.29924812030077,1348.4586466165413,1889.0330827067667
6529.686466165413,2022,2629.231578947368,3900.454887218045,5693.72932330827,850.1593984962392,106.3398496240601,624.827067669173,1047.3263157894735,655.621052631579,846.0857142857137,93.77744360902255,1325.5593984962404,1830.9924812030072
6099.4533834586455,2023,2470.942105263157,3628.5112781954886,5584.467669172932,531.9601503759386,84.11503759398494,575.3932330827067,970.7684210526313,556.3947368421054,758.7285714285708,79.25563909774434,1302.6601503759398,1772.951879699248
