,Year,LR_cases_predicted
0,2019,8962.651209218047
1,2020,8949.332451178076
2,2021,8943.980071428889
3,2022,8942.116988850128
4,2023,8941.751469466122
